{
  "generated_at": "2026-04-17T10:31:30.027016Z",
  "noise_floor": {
    "per_stack_cv_pct": {
      "corvid": 37.97977029507585,
      "python": 54.474480642437086,
      "typescript": 76.97027757904371
    },
    "disclosed_cv_pct": 76.97027757904371
  },
  "scenarios": {
    "tool_loop": {
      "corvid_vs_python": {
        "median_ratio": 0.26736867347564275,
        "ci95": [
          0.2512564779244006,
          0.29067734807692885
        ],
        "p50": 0.2688221541806091,
        "p90": 0.36433436111210166,
        "p99": 0.450468715253614
      },
      "corvid_vs_typescript": {
        "median_ratio": 0.5281234006321355,
        "ci95": [
          0.48136947247171313,
          0.5899288474492345
        ],
        "p50": 0.5276217949065845,
        "p90": 0.743975621784973,
        "p99": 1.0411601456275028
      }
    },
    "retry_workflow": {
      "corvid_vs_python": {
        "median_ratio": 0.17289347809536396,
        "ci95": [
          0.16103770567927997,
          0.18386097372740284
        ],
        "p50": 0.16746567033327148,
        "p90": 0.20569030917879905,
        "p99": 0.2478065929160459
      },
      "corvid_vs_typescript": {
        "median_ratio": 0.3668472341682339,
        "ci95": [
          0.2968491896987689,
          0.41299752014929775
        ],
        "p50": 0.35506622400135446,
        "p90": 0.4968559794211255,
        "p99": 0.5548766801332308
      }
    },
    "approval_workflow": {
      "corvid_vs_python": {
        "median_ratio": 0.229923048325395,
        "ci95": [
          0.21742472068147498,
          0.25123391347531815
        ],
        "p50": 0.22565877595591663,
        "p90": 0.35179844637174096,
        "p99": 0.5726513381032123
      },
      "corvid_vs_typescript": {
        "median_ratio": 0.6064477612022718,
        "ci95": [
          0.5471643289046992,
          0.6648656898278287
        ],
        "p50": 0.6144110664311597,
        "p90": 0.8819440993378238,
        "p99": 1.5405982010394363
      }
    },
    "replay_trace": {
      "corvid_vs_python": {
        "median_ratio": 0.28701064811576205,
        "ci95": [
          0.27128329116131283,
          0.3041333620440315
        ],
        "p50": 0.2969818616979249,
        "p90": 0.3310022867010153,
        "p99": 0.3462863008556667
      },
      "corvid_vs_typescript": {
        "median_ratio": 0.6011647096095057,
        "ci95": [
          0.543012768420817,
          0.6450469168987862
        ],
        "p50": 0.5894519718689766,
        "p90": 0.7642973138177774,
        "p99": 0.8433387218736268
      }
    }
  }
}