{
  "generated_at": "2026-04-17T08:32:48.819620Z",
  "noise_floor": {
    "per_stack_cv_pct": {
      "corvid": 46.40582443708217,
      "python": 25.60477702976255,
      "typescript": 65.57736376182126
    },
    "disclosed_cv_pct": 65.57736376182126
  },
  "scenarios": {
    "tool_loop": {
      "corvid_vs_python": {
        "median_ratio": 1.818490958920564,
        "ci95": [
          1.6275774859501047,
          1.9378982914103575
        ],
        "p50": 1.7661620015329829,
        "p90": 2.41682445773033,
        "p99": 4.271235592801022
      },
      "corvid_vs_typescript": {
        "median_ratio": 3.6078558512355494,
        "ci95": [
          3.0148323301887374,
          4.172699543456228
        ],
        "p50": 3.687596784568685,
        "p90": 5.507805130844625,
        "p99": 9.512679658424371
      }
    },
    "retry_workflow": {
      "corvid_vs_python": {
        "median_ratio": 1.187584418295973,
        "ci95": [
          1.127159896707627,
          1.30467911437978
        ],
        "p50": 1.209638997426108,
        "p90": 1.5240417430243103,
        "p99": 1.6367309813360835
      },
      "corvid_vs_typescript": {
        "median_ratio": 2.3777640203875565,
        "ci95": [
          2.1448474126850963,
          2.7319204795214107
        ],
        "p50": 2.6198341408302452,
        "p90": 3.1014483847583674,
        "p99": 3.500402272585516
      }
    },
    "approval_workflow": {
      "corvid_vs_python": {
        "median_ratio": 1.7873143793492194,
        "ci95": [
          1.6275095089305074,
          1.9403391740703375
        ],
        "p50": 1.8317075767006048,
        "p90": 2.2210594662633456,
        "p99": 2.5087421869318702
      },
      "corvid_vs_typescript": {
        "median_ratio": 4.938116100715333,
        "ci95": [
          3.4201947342290406,
          5.5893175074868005
        ],
        "p50": 4.63350656472312,
        "p90": 6.508929297174781,
        "p99": 7.5265286965472225
      }
    },
    "replay_trace": {
      "corvid_vs_python": {
        "median_ratio": 1.695354143679043,
        "ci95": [
          1.4854231072686606,
          1.8172229670152757
        ],
        "p50": 1.6943603448408036,
        "p90": 2.1732234138959567,
        "p99": 212.80597705898
      },
      "corvid_vs_typescript": {
        "median_ratio": 2.9561752988117758,
        "ci95": [
          2.5130612243880797,
          3.6088161716190235
        ],
        "p50": 3.075968436803876,
        "p90": 4.97961290315445,
        "p99": 306.71983019345527
      }
    }
  }
}