{
  "generated_at": "2026-04-17T12:20:24.771672Z",
  "noise_floor": {
    "per_stack_cv_pct": {
      "corvid": 54.503240851802595,
      "python": 34.726800343300674,
      "typescript": 69.10867629058521
    },
    "disclosed_cv_pct": 69.10867629058521
  },
  "scenarios": {
    "tool_loop": {
      "corvid_vs_python": {
        "median_ratio": 0.1688225204563165,
        "ci95": [
          0.15068500737069276,
          0.1793869941668694
        ],
        "p50": 0.16228857351445852,
        "p90": 0.19740279065363553,
        "p99": 0.5704589785654973
      },
      "corvid_vs_typescript": {
        "median_ratio": 0.2992842269660392,
        "ci95": [
          0.2559772929718499,
          0.3447930751047971
        ],
        "p50": 0.2981506685564137,
        "p90": 0.4438449389320178,
        "p99": 1.0264475506493325
      }
    },
    "retry_workflow": {
      "corvid_vs_python": {
        "median_ratio": 0.1048361522074625,
        "ci95": [
          0.09939234492887115,
          0.11162031213962874
        ],
        "p50": 0.10423027586435984,
        "p90": 0.12531272380823857,
        "p99": 0.1432776214099573
      },
      "corvid_vs_typescript": {
        "median_ratio": 0.2411550151966165,
        "ci95": [
          0.2208109619711313,
          0.26543478260786596
        ],
        "p50": 0.22764782964631028,
        "p90": 0.3064983650972152,
        "p99": 0.3754615355904059
      }
    },
    "approval_workflow": {
      "corvid_vs_python": {
        "median_ratio": 0.10397670502205424,
        "ci95": [
          0.09987493950934472,
          0.1125277571417771
        ],
        "p50": 0.11067209857580779,
        "p90": 0.12518568684612424,
        "p99": 0.20935636004984354
      },
      "corvid_vs_typescript": {
        "median_ratio": 0.2725708061054089,
        "ci95": [
          0.2124108658762042,
          0.2951966292259539
        ],
        "p50": 0.26848638898616173,
        "p90": 0.364424581855035,
        "p99": 0.7349467493845407
      }
    },
    "replay_trace": {
      "corvid_vs_python": {
        "median_ratio": 0.1630445068341134,
        "ci95": [
          0.15445868630396795,
          0.17507164844292783
        ],
        "p50": 0.1652884893671615,
        "p90": 0.1953658066119665,
        "p99": 0.22834792791077324
      },
      "corvid_vs_typescript": {
        "median_ratio": 0.38530929541188647,
        "ci95": [
          0.3640193236740617,
          0.4020320855549274
        ],
        "p50": 0.3851845814868071,
        "p90": 0.4542507482627726,
        "p99": 0.5183091074136625
      }
    }
  }
}