{
  "generated_at": "2026-04-16T19:11:37.200108Z",
  "noise_floor": {
    "per_stack_cv_pct": {
      "corvid": 20.90302099960383,
      "python": 41.404522229571946,
      "typescript": 28.690642007932038
    },
    "disclosed_cv_pct": 41.404522229571946
  },
  "scenarios": {
    "tool_loop": {
      "corvid_vs_python": {
        "median_ratio": 36.12613099678423,
        "ci95": [
          31.997604982051516,
          40.192742935526454
        ],
        "p50": 36.45076995355022,
        "p90": 44.739090084383335,
        "p99": 52.96965428895483
      },
      "corvid_vs_typescript": {
        "median_ratio": 2.6266131539728903,
        "ci95": [
          2.226836884179688,
          3.126616210429204
        ],
        "p50": 2.5147126201840173,
        "p90": 4.523893756800044,
        "p99": 7.804463109447138
      }
    },
    "retry_workflow": {
      "corvid_vs_python": {
        "median_ratio": 24.984653257579208,
        "ci95": [
          22.339645282112983,
          27.78921498392913
        ],
        "p50": 24.642717102621408,
        "p90": 35.257256141777134,
        "p99": 42.15027085693713
      },
      "corvid_vs_typescript": {
        "median_ratio": 1.6686389360926475,
        "ci95": [
          1.4334090070007326,
          1.9586243486696402
        ],
        "p50": 1.598070797236324,
        "p90": 2.489188847591032,
        "p99": 3.2662155867481193
      }
    },
    "approval_workflow": {
      "corvid_vs_python": {
        "median_ratio": 25.634890943664416,
        "ci95": [
          22.77060448928103,
          28.55067466985166
        ],
        "p50": 24.940651222601254,
        "p90": 46.013291173408746,
        "p99": 72.9021223956453
      },
      "corvid_vs_typescript": {
        "median_ratio": 2.488149261797041,
        "ci95": [
          2.1705861290479187,
          3.0287076643738704
        ],
        "p50": 2.669677868643049,
        "p90": 5.340715187600741,
        "p99": 18.506907130341364
      }
    },
    "replay_trace": {
      "corvid_vs_python": {
        "median_ratio": 35.326052019037505,
        "ci95": [
          32.139002100372636,
          41.27996319016308
        ],
        "p50": 33.092552364721854,
        "p90": 51.27176424771879,
        "p99": 58.877365300486225
      },
      "corvid_vs_typescript": {
        "median_ratio": 2.6362706228417925,
        "ci95": [
          2.3911147812308675,
          2.960852926756246
        ],
        "p50": 2.620050831036365,
        "p90": 3.8441791098540863,
        "p99": 6.5748545814189745
      }
    }
  }
}