{
  "generated_at": "2026-04-16T20:00:49.286840Z",
  "noise_floor": {
    "per_stack_cv_pct": {
      "corvid": 15.214198683602284,
      "python": 26.133813310042104,
      "typescript": 32.64934223700434
    },
    "disclosed_cv_pct": 32.64934223700434
  },
  "scenarios": {
    "tool_loop": {
      "corvid_vs_python": {
        "median_ratio": 34.70089441810113,
        "ci95": [
          32.09470507533777,
          39.12806199310366
        ],
        "p50": 37.65677137318849,
        "p90": 50.7667245351652,
        "p99": 180.08132022294745
      },
      "corvid_vs_typescript": {
        "median_ratio": 3.5407853980001303,
        "ci95": [
          3.172926924230481,
          4.44938446372894
        ],
        "p50": 3.6200971894196643,
        "p90": 6.030190487980006,
        "p99": 64.73840658888031
      }
    },
    "retry_workflow": {
      "corvid_vs_python": {
        "median_ratio": 25.74657824832346,
        "ci95": [
          22.367517484696116,
          28.680726586611108
        ],
        "p50": 25.385259640458095,
        "p90": 36.529241503892266,
        "p99": 39.032752594306615
      },
      "corvid_vs_typescript": {
        "median_ratio": 2.4243866874277513,
        "ci95": [
          2.0350486761303057,
          2.627971558000476
        ],
        "p50": 2.381987989699259,
        "p90": 3.2532301551190193,
        "p99": 3.7520332715586386
      }
    },
    "approval_workflow": {
      "corvid_vs_python": {
        "median_ratio": 32.869693539734044,
        "ci95": [
          28.10511481222398,
          36.93445986598371
        ],
        "p50": 30.1641154638865,
        "p90": 41.370297765580524,
        "p99": 51.928368738094505
      },
      "corvid_vs_typescript": {
        "median_ratio": 2.9736710444027405,
        "ci95": [
          2.3688145940707055,
          3.7617704421587987
        ],
        "p50": 3.227493724597421,
        "p90": 5.377059859633845,
        "p99": 7.367518357451997
      }
    },
    "replay_trace": {
      "corvid_vs_python": {
        "median_ratio": 43.06790839320359,
        "ci95": [
          40.16423357471066,
          46.149753431292375
        ],
        "p50": 43.0517484498698,
        "p90": 53.583677763334215,
        "p99": 79.63906006171287
      },
      "corvid_vs_typescript": {
        "median_ratio": 3.6337170242307506,
        "ci95": [
          3.158120490607385,
          3.9790987713893293
        ],
        "p50": 3.5488759372594942,
        "p90": 6.1184745689617,
        "p99": 7.415798420823863
      }
    }
  }
}