{
  "generated_at": "2026-04-17T12:50:03.569737Z",
  "noise_floor": {
    "per_stack_cv_pct": {
      "corvid": 38.30933695193865,
      "python": 30.149570419440174,
      "typescript": 76.74776969649733
    },
    "disclosed_cv_pct": 76.74776969649733
  },
  "scenarios": {
    "tool_loop": {
      "corvid_vs_python": {
        "median_ratio": 0.15462939404873619,
        "ci95": [
          0.14363925016111198,
          0.16368366666705259
        ],
        "p50": 0.15551652204215147,
        "p90": 0.1829039424192578,
        "p99": 0.2593965643163927
      },
      "corvid_vs_typescript": {
        "median_ratio": 0.2935411764735877,
        "ci95": [
          0.24093379218498645,
          0.35188658057774325
        ],
        "p50": 0.2974384590085193,
        "p90": 0.40805343512068926,
        "p99": 0.597610644979353
      }
    },
    "retry_workflow": {
      "corvid_vs_python": {
        "median_ratio": 0.09082614715111634,
        "ci95": [
          0.08271740073948616,
          0.09880132458329952
        ],
        "p50": 0.0921550081601042,
        "p90": 0.15112213078099485,
        "p99": 0.46131370290704
      },
      "corvid_vs_typescript": {
        "median_ratio": 0.19549947698637993,
        "ci95": [
          0.17233358163462467,
          0.2262893851297948
        ],
        "p50": 0.20337073956258597,
        "p90": 0.3194817238609415,
        "p99": 1.1535215342916671
      }
    },
    "approval_workflow": {
      "corvid_vs_python": {
        "median_ratio": 0.10319263501117133,
        "ci95": [
          0.09830597983064682,
          0.10777779357029241
        ],
        "p50": 0.10585774488959143,
        "p90": 0.1271385517358213,
        "p99": 0.14997039633331022
      },
      "corvid_vs_typescript": {
        "median_ratio": 0.27011331445379483,
        "ci95": [
          0.23411909448617974,
          0.2890259363493457
        ],
        "p50": 0.27702524224134184,
        "p90": 0.3269502348234661,
        "p99": 0.4532556627582488
      }
    },
    "replay_trace": {
      "corvid_vs_python": {
        "median_ratio": 0.13699275058334306,
        "ci95": [
          0.1269669904859504,
          0.15045024751233538
        ],
        "p50": 0.1413495732909641,
        "p90": 0.18022340606007528,
        "p99": 0.43866296238103647
      },
      "corvid_vs_typescript": {
        "median_ratio": 0.3356910328621449,
        "ci95": [
          0.25986651841759384,
          0.36957701000418247
        ],
        "p50": 0.34984247120029155,
        "p90": 0.45888566760414706,
        "p99": 0.8146624381684883
      }
    }
  }
}