{
  "generated_at": "2026-04-17T10:11:07.405160Z",
  "noise_floor": {
    "per_stack_cv_pct": {
      "corvid": 67.454368412997,
      "python": 30.205894613004435,
      "typescript": 76.6807985826448
    },
    "disclosed_cv_pct": 76.6807985826448
  },
  "scenarios": {
    "tool_loop": {
      "corvid_vs_python": {
        "median_ratio": 0.2837289925078482,
        "ci95": [
          0.2549083585934326,
          0.3046297212481813
        ],
        "p50": 0.28635305224139684,
        "p90": 0.3708143844506607,
        "p99": 0.4525080421631247
      },
      "corvid_vs_typescript": {
        "median_ratio": 0.6106199770397243,
        "ci95": [
          0.5286709805830667,
          0.657379032226597
        ],
        "p50": 0.610520482569513,
        "p90": 0.7700127832737816,
        "p99": 0.8281399769807467
      }
    },
    "retry_workflow": {
      "corvid_vs_python": {
        "median_ratio": 0.18599156173768247,
        "ci95": [
          0.17351705823694233,
          0.19655861917496548
        ],
        "p50": 0.17735408606783631,
        "p90": 0.23767987260405612,
        "p99": 0.2842712351862589
      },
      "corvid_vs_typescript": {
        "median_ratio": 0.39211336032475447,
        "ci95": [
          0.35051618555050806,
          0.42092416555287676
        ],
        "p50": 0.4052418592615536,
        "p90": 0.5122042418463372,
        "p99": 0.5376719016727521
      }
    },
    "approval_workflow": {
      "corvid_vs_python": {
        "median_ratio": 0.2860397998314995,
        "ci95": [
          0.26102269046449955,
          0.3054665746531543
        ],
        "p50": 0.2850360068724531,
        "p90": 0.36095653531209076,
        "p99": 0.4138439420857481
      },
      "corvid_vs_typescript": {
        "median_ratio": 0.6263390010609762,
        "ci95": [
          0.5363401602860295,
          0.7403886230531346
        ],
        "p50": 0.6713947591954325,
        "p90": 0.8176989893127247,
        "p99": 0.8579423538363546
      }
    },
    "replay_trace": {
      "corvid_vs_python": {
        "median_ratio": 0.31163215564482194,
        "ci95": [
          0.28496546338554324,
          0.3326055713658473
        ],
        "p50": 0.31680115978770895,
        "p90": 0.3716329946791067,
        "p99": 0.593788123667728
      },
      "corvid_vs_typescript": {
        "median_ratio": 0.6079705542816218,
        "ci95": [
          0.5473595505599265,
          0.700602129082708
        ],
        "p50": 0.6767248475230605,
        "p90": 0.8241196359872403,
        "p99": 0.9919758399675174
      }
    }
  }
}