{
  "generated_at": "2026-04-17T07:40:50.648321Z",
  "noise_floor": {
    "per_stack_cv_pct": {
      "corvid": 216.892541308443,
      "python": 38.42900934054975,
      "typescript": 79.28609193218563
    },
    "disclosed_cv_pct": 216.892541308443
  },
  "scenarios": {
    "tool_loop": {
      "corvid_vs_python": {
        "median_ratio": 3.527846089033273,
        "ci95": [
          3.2628308624640847,
          4.046177841403311
        ],
        "p50": 3.6031998613172513,
        "p90": 4.414918071869871,
        "p99": 8.006197686510092
      },
      "corvid_vs_typescript": {
        "median_ratio": 8.338447376546931,
        "ci95": [
          7.4599068988832755,
          9.827724606322457
        ],
        "p50": 8.161979453797873,
        "p90": 12.794716430564364,
        "p99": 15.690036014258546
      }
    },
    "retry_workflow": {
      "corvid_vs_python": {
        "median_ratio": 2.9783127376382157,
        "ci95": [
          2.872355973939394,
          3.1653473700723906
        ],
        "p50": 3.058824449526696,
        "p90": 3.4996644978357487,
        "p99": 3.7375824337020838
      },
      "corvid_vs_typescript": {
        "median_ratio": 7.656720916132103,
        "ci95": [
          7.241197182984185,
          8.033475349773695
        ],
        "p50": 7.566117100234994,
        "p90": 8.53543508561144,
        "p99": 8.925682376985481
      }
    },
    "approval_workflow": {
      "corvid_vs_python": {
        "median_ratio": 3.485743654733539,
        "ci95": [
          3.146223583344128,
          3.7950929577021073
        ],
        "p50": 3.3868377787282196,
        "p90": 4.785541929800793,
        "p99": 8.72609538223534
      },
      "corvid_vs_typescript": {
        "median_ratio": 10.206581352723077,
        "ci95": [
          9.162090807090824,
          10.850816489353864
        ],
        "p50": 9.689146988884445,
        "p90": 12.774324324169502,
        "p99": 26.150380690943805
      }
    },
    "replay_trace": {
      "corvid_vs_python": {
        "median_ratio": 3.779647516480547,
        "ci95": [
          3.5714468323405866,
          4.124456593946075
        ],
        "p50": 3.8250140250797653,
        "p90": 4.640812424988814,
        "p99": 5.481974993038158
      },
      "corvid_vs_typescript": {
        "median_ratio": 8.53133683189191,
        "ci95": [
          7.617951713998488,
          9.570771850814179
        ],
        "p50": 7.993928156835676,
        "p90": 11.31009738765687,
        "p99": 14.082357419516446
      }
    }
  }
}